RK,Team,CONF,G,W,ADJOE,ADJDE,BARTHAG,EFG_O,EFG_D,TOR,TORD,ORB,DRB,FTR,FTRD,2P_O,2P_D,3P_O,3P_D,3PR,3PRD,ADJ_T,WAB,SEED
1,Duke,ACC,34,32,128.2,90.8,.9814,56.8,46.2,15.7,18.1,38.1,24.8,37.8,23.7,60.1,46.6,35.1,30.4,44.4,45.7,65.8,+13.7,
2,Michigan,B10,33,31,127.7,90.5,.9811,58.2,44.4,16.9,15.8,35.4,27.8,38.6,25.9,61.1,43.8,36.2,30.2,41.9,42.3,71.4,+14.2,
3,Arizona,B12,34,32,126.9,91.4,.9776,55.1,45.0,15.1,16.7,38.1,26.9,42.9,27.7,55.4,43.8,36.0,31.4,26.8,37.2,70.0,+13.7,
4,Florida,SEC,33,26,126.1,92.3,.9732,53.5,46.3,16.5,15.4,43.2,24.8,39.1,34.0,57.9,45.2,30.8,32.4,37.1,33.7,70.4,+8.5,
5,Houston,B12,34,28,125.4,92.4,.9710,52.1,46.6,13.0,21.0,35.9,30.9,26.9,39.0,51.9,45.5,34.9,32.1,40.8,40.9,63.3,+9.0,
6,Illinois,B10,32,24,132.0,98.2,.9676,55.1,47.6,13.2,11.6,38.7,27.0,32.9,20.6,58.2,48.0,34.7,31.4,50.7,42.2,65.7,+6.6,
7,Iowa St.,B12,34,27,123.8,92.6,.9655,56.5,49.5,15.1,22.4,35.3,28.1,34.0,27.9,55.5,50.5,38.7,32.1,38.8,42.8,66.9,+7.4,
8,Purdue,B10,34,26,132.6,100.3,.9613,57.7,52.3,13.8,15.7,36.7,26.2,28.3,26.6,58.0,52.9,38.1,34.3,41.4,45.2,64.6,+8.3,
9,Connecticut,BE,34,29,123.1,95.0,.9518,55.3,45.7,16.8,18.0,35.7,28.7,30.0,40.2,57.1,45.8,35.2,30.3,40.3,36.2,64.6,+8.8,
10,Vanderbilt,SEC,34,26,127.4,99.3,.9462,55.3,48.8,13.3,17.9,31.2,31.6,38.2,41.0,56.8,49.1,35.5,32.2,43.6,37.9,69.0,+7.3,
11,Gonzaga,WCC,33,30,120.3,94.0,.9446,56.3,46.2,13.7,20.5,34.8,25.9,31.1,31.0,58.7,46.2,34.0,30.8,31.0,43.7,68.9,+7.4,
12,Michigan St.,B10,32,25,122.9,96.2,.9440,53.6,48.6,17.1,14.8,38.5,22.6,36.2,30.9,53.4,48.0,35.9,32.9,36.4,46.0,66.0,+7.4,
13,Texas Tech,B12,32,22,126.3,98.8,.9440,56.2,49.4,15.9,14.7,33.3,30.1,27.1,31.6,53.6,50.6,39.3,31.5,48.0,35.0,66.4,+5.0,
14,Virginia,ACC,34,29,122.2,95.8,.9428,54.6,45.3,16.0,15.6,37.9,29.2,33.0,33.0,55.2,44.7,35.9,30.9,46.5,37.5,65.6,+7.8,
15,St. John's,BE,34,28,119.8,94.1,.9415,51.0,47.4,14.7,19.4,35.9,30.2,41.9,31.8,51.6,47.5,33.2,31.3,33.8,33.7,69.6,+7.3,
16,Tennessee,SEC,33,22,121.5,95.5,.9408,51.6,47.7,17.1,16.3,45.1,27.9,38.7,36.2,52.2,49.2,33.4,30.6,31.7,44.4,65.2,+4.1,
17,Louisville,ACC,33,23,124.0,98.2,.9365,56.4,48.8,16.4,16.7,32.9,26.9,33.5,33.4,59.7,48.6,35.7,32.7,52.8,39.1,69.7,+4.0,
18,Alabama,SEC,32,23,129.5,102.8,.9343,55.4,49.2,13.0,12.6,31.8,32.8,37.2,32.7,57.3,48.6,35.8,33.5,53.7,35.1,73.0,+6.5,
19,Arkansas,SEC,34,26,127.9,101.7,.9336,56.5,51.4,12.3,15.7,32.2,31.2,36.4,31.3,55.6,53.7,38.9,31.7,33.4,38.2,71.0,+7.5,
20,Nebraska,B10,32,26,117.3,93.5,.9311,55.4,47.8,14.4,19.2,26.3,27.7,27.2,24.8,58.1,50.6,35.3,29.9,50.7,49.3,66.8,+7.4,
21,Wisconsin,B10,34,24,127.2,101.7,.9295,54.5,51.3,12.8,14.4,29.4,28.2,31.9,30.5,54.8,52.3,36.1,33.3,52.6,40.2,68.7,+5.4,
22,Kansas,B12,33,23,117.9,94.4,.9280,51.6,45.2,15.5,14.0,29.5,30.1,32.6,27.7,51.1,44.7,35.0,30.7,35.7,42.0,67.6,+6.3,
23,Ohio St.,B10,33,21,125.3,101.6,.9174,56.5,50.3,15.4,15.8,30.8,30.0,37.8,35.1,58.2,52.3,36.0,31.6,40.1,40.3,66.1,+2.9,
24,Saint Mary's,WCC,32,27,119.4,97.6,.9106,52.9,46.7,16.4,15.2,37.6,23.8,35.8,25.7,50.2,46.6,38.6,31.2,36.1,36.8,65.3,+4.0,
25,UCLA,B10,34,23,124.5,101.8,.9105,53.9,50.4,13.4,18.1,31.1,32.4,33.1,34.7,52.0,52.7,38.2,31.8,35.9,44.7,64.7,+3.6,
26,Iowa,B10,33,21,122.1,100.2,.9068,56.6,52.7,15.2,21.0,30.1,28.0,34.5,39.1,58.7,54.0,35.7,33.7,41.6,39.1,63.0,+1.9,
27,North Carolina,ACC,32,24,121.5,100.0,.9031,54.6,48.2,14.0,13.6,31.4,28.1,37.4,23.8,56.7,46.1,34.5,34.5,42.3,36.9,68.0,+4.9,
28,Santa Clara,WCC,34,26,125.0,103.7,.8955,54.6,51.8,15.6,20.1,36.7,32.3,25.8,38.3,56.5,53.2,34.9,33.0,45.0,38.2,69.3,+2.1,
29,Utah St.,MWC,34,28,123.0,102.1,.8953,56.6,49.6,15.4,20.6,33.1,32.2,38.7,38.9,59.3,48.7,35.1,33.9,40.7,40.9,67.5,+4.0,
30,Clemson,ACC,34,24,116.5,96.9,.8926,52.6,48.9,14.2,17.5,28.1,25.7,37.1,33.1,53.8,49.0,34.1,32.6,42.9,42.9,64.3,+3.2,
31,Kentucky,SEC,34,21,119.9,100.0,.8900,53.1,48.8,15.0,15.8,33.8,30.1,37.5,37.0,54.4,49.6,34.1,31.6,39.2,39.5,68.3,+3.3,
32,Cincinnati,B12,33,18,112.3,93.7,.8894,50.5,47.3,17.0,18.2,30.6,27.3,29.4,30.0,50.2,47.9,33.9,31.0,43.8,39.9,67.6,-2.0,
33,BYU,B12,34,23,124.7,104.3,.8866,54.7,51.2,15.3,16.5,34.6,29.3,34.2,28.9,56.2,50.0,34.9,35.3,39.8,39.2,69.8,+4.5,
34,Indiana,B10,32,18,121.9,102.1,.8851,56.1,49.0,15.1,15.1,26.9,29.3,35.0,37.0,60.3,48.6,34.7,33.1,50.5,36.8,66.2,-0.43,
35,Miami FL,ACC,33,25,121.1,101.5,.8843,55.6,51.7,16.2,18.4,37.0,26.3,37.5,29.0,57.2,50.8,34.7,35.4,31.7,40.9,67.9,+3.8,
36,Villanova,BE,32,24,119.6,100.5,.8808,53.7,51.3,15.1,18.7,32.4,31.7,31.3,28.9,54.4,51.5,35.3,33.9,45.7,36.9,64.9,+3.9,
37,Georgia,SEC,32,22,124.3,104.8,.8775,54.6,50.1,14.3,18.4,35.2,34.9,37.0,30.8,57.3,49.9,34.1,33.7,43.9,37.6,72.0,+2.6,
38,N.C. State,ACC,33,20,124.1,104.6,.8767,55.3,53.0,13.1,18.2,28.5,30.3,35.2,36.5,53.1,52.7,38.8,35.6,43.9,45.3,69.1,+0.34,
39,Texas A&M,SEC,32,21,119.9,101.4,.8730,54.2,50.8,14.6,18.3,32.3,32.5,37.4,35.6,54.1,53.1,36.2,31.7,46.3,41.5,71.0,+1.6,
40,Oklahoma,SEC,34,19,125.1,105.9,.8727,55.1,51.2,14.4,15.3,33.6,33.0,35.9,34.0,55.0,51.1,36.8,34.2,43.8,39.7,66.1,-0.48,
41,Auburn,SEC,33,17,124.2,105.8,.8636,52.3,53.6,14.7,16.3,37.6,32.1,44.7,35.4,53.4,52.8,33.8,36.5,39.2,39.8,67.3,+0.17,
42,SMU,ACC,33,20,123.0,105.0,.8615,55.7,51.4,15.9,17.1,35.4,31.6,30.6,32.0,55.5,52.0,37.4,33.9,36.0,47.2,68.6,-0.02,
43,Saint Louis,A10,33,28,119.6,102.2,.8584,59.7,44.8,17.4,16.1,31.1,27.0,34.7,37.2,58.9,44.6,40.5,30.0,45.1,41.6,71.0,+1.9,
44,San Diego St.,MWC,33,22,112.2,96.1,.8562,52.7,48.2,17.2,20.3,29.5,31.1,39.0,38.5,53.2,46.2,34.5,33.6,33.8,47.3,68.6,-0.09,
45,Texas,SEC,32,18,124.1,106.4,.8541,54.2,51.2,15.3,13.4,35.7,26.9,46.2,40.7,55.3,49.8,34.9,36.0,36.2,33.3,67.1,-0.21,
46,Missouri,SEC,32,20,119.9,103.0,.8515,55.3,51.4,18.0,16.6,35.5,31.4,42.5,35.1,56.9,48.9,35.0,36.5,36.0,43.1,66.4,+1.1,
47,Baylor,B12,32,16,123.3,106.5,.8433,53.8,52.5,16.5,16.1,37.5,32.2,34.8,30.2,55.2,52.2,34.5,35.5,39.6,34.7,67.8,-2.2,
48,VCU,A10,34,27,119.3,103.1,.8425,54.1,48.9,15.2,17.2,32.3,29.9,43.7,33.1,53.3,48.4,36.7,33.1,43.8,34.7,68.7,+1.7,
49,TCU,B12,33,22,114.9,99.6,.8367,50.9,51.0,15.5,19.7,34.4,29.2,38.7,30.4,51.6,51.3,33.1,33.7,36.9,38.1,67.6,+2.4,
50,Florida St.,ACC,33,18,119.4,103.9,.8315,52.3,52.2,15.2,19.0,30.8,34.1,34.7,32.7,55.1,52.5,33.1,34.6,50.6,44.9,70.6,-1.8,
51,South Florida,Amer,32,24,117.2,102.2,.8279,51.2,48.7,15.2,18.8,38.4,31.9,41.2,38.9,52.1,46.9,33.3,34.3,44.0,39.6,71.5,-0.6,
52,Washington,B10,33,16,116.8,102.2,.8227,51.2,50.2,15.3,14.3,34.6,28.5,30.1,31.0,53.4,50.0,31.5,33.6,34.6,38.2,67.0,-3.0,
53,New Mexico,MWC,33,23,116.4,102.1,.8199,53.6,49.6,15.3,19.1,30.3,27.6,36.2,34.9,53.3,53.6,36.1,30.3,41.8,48.1,69.8,-0.40,
54,Virginia Tech,ACC,32,19,117.6,103.1,.8197,52.2,50.8,14.9,17.2,31.9,32.6,34.0,28.8,51.5,54.1,35.5,30.6,39.7,39.6,67.2,-0.8,
55,Grand Canyon,MWC,32,20,111.1,97.5,.8172,51.7,47.4,17.6,17.3,31.3,25.3,39.5,39.0,54.2,47.2,31.8,31.9,38.9,38.2,68.0,-3.1,
56,Boise St.,MWC,32,20,118.1,103.8,.8155,52.2,52.7,16.9,14.5,33.2,23.6,42.7,32.1,52.7,53.3,34.3,34.4,43.1,36.8,65.7,-2.1,
57,Minnesota,B10,32,15,116.0,102.1,.8121,54.2,51.9,16.6,17.1,27.2,29.8,35.9,27.3,56.0,51.7,34.8,34.7,47.1,41.7,62.6,-3.9,
58,UCF,B12,32,21,120.0,105.7,.8119,52.8,52.4,15.7,15.8,34.4,28.5,30.8,35.2,52.1,53.2,36.2,34.0,34.4,39.7,69.1,+2.1,
59,Stanford,ACC,32,20,117.0,103.7,.8014,51.7,51.2,15.5,18.3,32.3,30.1,35.7,40.3,50.4,51.5,35.6,33.7,44.2,33.5,67.0,-0.9,
60,Seton Hall,BE,33,21,108.7,96.3,.8012,47.6,47.3,16.7,21.5,35.6,31.9,35.3,42.1,48.3,46.3,30.5,32.4,26.8,42.2,65.2,-0.27,
61,Arizona St.,B12,33,17,115.2,102.4,.7961,51.1,52.4,17.1,18.5,29.8,34.9,39.5,34.3,51.7,52.3,33.4,35.0,38.4,40.3,69.2,-1.0,
62,West Virginia,B12,32,18,108.5,96.6,.7917,51.1,48.3,17.5,18.1,31.0,29.0,35.5,29.2,52.5,45.7,32.8,35.0,42.9,38.1,62.5,-1.9,
63,Northwestern,B10,34,15,116.5,103.8,.7901,51.7,51.0,13.0,17.5,28.1,34.7,33.9,34.8,52.9,51.6,33.0,33.4,34.0,40.2,65.1,-3.7,
64,Mississippi,SEC,35,15,114.1,101.7,.7894,50.4,50.5,14.0,16.4,28.3,32.6,33.0,41.2,50.8,50.8,33.2,33.4,35.5,42.6,66.1,-4.5,
65,Tulsa,Amer,33,26,120.9,108.1,.7825,56.5,49.9,15.2,15.5,32.0,29.0,40.9,32.0,54.3,49.6,39.4,33.5,46.5,40.1,67.8,-1.0,
66,USC,B10,32,18,113.1,101.3,.7805,50.4,49.7,17.4,16.3,32.4,32.2,44.2,33.4,51.8,52.0,31.7,30.9,34.1,40.4,70.7,-0.9,
67,Wake Forest,ACC,33,17,117.9,105.6,.7795,52.6,52.0,15.4,17.8,29.7,32.9,35.1,36.2,53.3,54.2,34.4,33.0,43.7,46.8,68.3,-2.9,
68,California,ACC,32,21,113.8,102.1,.7759,52.2,49.6,15.0,16.1,25.8,30.3,37.3,37.2,50.5,51.9,36.3,30.9,42.7,41.4,67.9,-0.6,
69,LSU,SEC,32,15,118.8,106.7,.7744,52.8,50.9,15.6,13.9,33.1,31.7,40.9,37.8,54.5,49.5,33.1,35.4,34.5,37.9,66.6,-4.3,
70,Northern Iowa,MVC,35,23,109.7,98.6,.7741,54.2,47.2,14.6,18.1,22.0,26.3,25.7,29.3,55.3,50.0,34.9,28.9,39.6,41.5,62.2,-5.3,
71,Akron,MAC,34,29,117.2,105.3,.7723,58.5,50.6,15.5,18.4,33.5,29.9,29.1,30.3,59.1,49.0,38.5,35.1,45.1,43.2,70.3,-0.22,
72,Butler,BE,32,16,117.2,105.6,.7687,50.9,51.9,15.9,15.1,34.6,30.0,42.1,24.9,51.9,53.1,32.7,33.3,34.9,37.5,68.9,-4.2,
73,McNeese St.,Slnd,33,28,113.2,102.2,.7643,51.0,48.9,14.3,24.6,35.0,35.0,38.3,42.1,52.9,49.1,31.6,32.5,35.1,46.8,66.1,+0.7,
74,Providence,BE,33,15,120.9,109.2,.7636,55.0,51.4,16.7,13.1,31.7,30.8,36.7,32.7,55.3,50.4,36.4,35.3,40.5,38.5,71.3,-5.1,
75,Oklahoma St.,B12,33,19,118.5,107.2,.7597,52.1,52.9,15.9,16.0,31.3,30.7,39.4,32.5,52.8,52.6,33.8,35.5,35.9,42.7,72.2,-0.8,
76,Colorado,B12,32,17,118.0,106.8,.7586,53.2,52.9,14.5,15.4,29.0,29.8,35.8,36.3,53.3,51.6,35.3,36.8,35.1,35.8,68.6,-2.7,
77,Marquette,BE,32,12,111.8,101.2,.7584,50.5,50.6,16.0,19.3,29.7,34.7,32.8,32.0,52.7,51.5,31.7,32.7,42.2,39.5,69.2,-7.4,
78,Georgetown,BE,34,16,114.0,103.3,.7570,49.6,49.9,15.8,16.2,32.5,31.5,37.3,33.9,50.7,50.0,31.8,33.3,35.2,41.2,66.2,-4.9,
79,Nevada,MWC,34,22,114.5,103.8,.7563,49.7,51.0,14.9,17.4,32.1,27.2,46.6,40.3,47.5,51.0,36.2,34.1,32.3,42.4,66.0,-2.0,
80,Belmont,MVC,32,26,120.1,109.0,.7535,61.0,49.9,18.1,17.4,28.8,29.2,32.5,30.7,60.6,48.5,41.0,34.2,45.7,49.1,69.0,-0.6,
81,Syracuse,ACC,32,15,115.2,104.7,.7501,52.6,50.3,16.0,17.4,29.2,33.6,35.1,32.6,54.5,49.8,32.9,34.1,37.2,35.9,67.4,-4.5,
82,Dayton,A10,34,23,110.1,100.1,.7488,51.7,50.9,17.4,21.2,27.0,29.2,47.1,35.7,52.1,49.1,34.1,35.6,41.5,41.0,67.0,-1.5,
83,George Washington,A10,33,18,117.4,106.9,.7446,54.6,52.3,17.9,17.8,36.2,28.1,35.5,34.9,56.5,53.7,35.0,33.6,46.7,43.2,69.3,-7.7,
84,Wichita St.,Amer,32,22,112.2,102.4,.7408,49.8,47.4,14.8,16.0,38.5,29.3,36.1,34.5,49.3,47.9,33.9,31.1,34.1,33.7,66.3,-3.3,
85,Creighton,BE,32,15,114.9,105.4,.7307,53.1,51.1,16.5,14.0,27.5,29.7,27.5,24.6,54.3,50.2,34.5,35.4,48.2,32.0,67.3,-4.0,
86,Miami OH,MAC,32,31,116.7,107.6,.7177,59.2,50.8,14.5,17.5,25.3,28.1,40.2,30.9,61.5,51.6,37.5,33.0,44.6,36.8,69.9,+2.5,
87,Utah Valley,WAC,33,25,112.3,103.6,.7167,55.1,49.0,20.2,21.2,34.8,31.4,38.2,39.3,57.1,47.5,33.9,34.8,32.7,32.9,68.6,-2.7,
88,Colorado St.,MWC,33,21,118.2,109.1,.7147,58.0,53.1,18.6,15.3,30.0,29.0,39.6,34.2,57.3,54.4,39.1,34.3,49.0,43.1,63.0,-3.0,
89,Stephen F. Austin,Slnd,33,28,112.5,104.0,.7118,51.7,47.9,14.1,17.6,33.9,28.6,30.4,30.0,50.2,49.2,36.0,30.4,39.6,35.0,65.7,-0.9,
90,Oregon,B10,32,12,111.8,103.5,.7075,49.5,50.9,17.6,15.7,32.3,32.3,35.0,32.0,50.5,51.5,32.1,33.4,42.8,42.1,65.9,-6.3,
91,Hofstra,CAA,34,24,113.2,105.0,.7043,51.5,45.9,16.1,15.0,34.9,30.5,32.5,35.4,48.6,44.2,36.8,32.3,43.1,40.6,64.7,-4.7,
92,Yale,Ivy,30,24,118.8,110.4,.6997,56.1,52.0,14.0,16.4,33.8,29.2,35.2,27.1,54.0,51.7,39.9,34.9,36.0,45.3,64.7,-1.5,
93,High Point,BSth,34,30,115.7,107.5,.6987,54.7,50.1,13.0,21.9,32.1,31.7,42.9,36.4,57.1,51.6,34.4,31.9,42.9,41.4,69.9,-1.4,
94,Xavier,BE,33,15,117.2,109.3,.6923,51.8,54.1,13.9,15.5,26.5,29.5,28.1,32.6,49.8,55.3,36.5,34.8,40.6,36.9,70.3,-5.0,
95,Wyoming,MWC,32,18,115.1,107.4,.6891,52.0,52.2,16.4,16.7,34.7,27.5,35.6,48.4,54.1,53.7,32.9,33.0,43.0,36.2,66.0,-5.3,
96,Cal Baptist,WAC,33,25,107.5,100.3,.6888,48.6,46.4,18.1,17.1,37.8,27.2,36.1,37.1,47.7,47.3,33.7,29.7,32.1,31.7,65.9,-2.3,
97,Notre Dame,ACC,31,13,115.0,107.4,.6881,52.3,51.8,17.0,14.0,31.2,26.7,34.1,36.2,51.4,53.6,35.6,33.2,43.5,47.4,66.0,-5.6,
98,Saint Joseph's,A10,33,22,108.4,101.3,.6852,49.3,47.6,16.9,15.2,31.4,30.9,30.4,26.3,51.9,47.5,30.8,31.8,45.3,39.9,68.0,-4.0,
99,Mississippi St.,SEC,32,13,112.9,105.5,.6852,51.5,50.9,16.1,12.8,29.8,30.7,30.7,32.3,53.4,51.0,32.4,33.9,40.1,39.5,69.5,-5.6,
100,South Carolina,SEC,32,13,111.8,104.6,.6814,50.3,51.6,14.5,14.6,27.2,32.1,36.7,34.0,53.2,53.7,31.1,31.8,44.4,35.8,66.3,-6.2,
101,DePaul,BE,32,16,106.8,100.0,.6805,49.8,49.3,17.8,18.6,30.0,31.1,35.3,37.8,50.5,47.3,32.5,35.4,39.0,33.9,66.5,-5.1,
102,Pittsburgh,ACC,33,13,112.6,105.6,.6782,51.0,53.4,17.3,16.2,33.9,28.1,30.4,30.9,51.7,53.7,33.4,35.2,42.6,41.0,63.6,-7.2,
103,Kansas St.,B12,32,12,112.7,105.6,.6779,53.3,52.5,17.4,17.1,29.2,33.9,26.9,35.2,52.4,53.7,36.4,33.7,40.9,38.6,72.7,-6.7,
104,Seattle,WCC,33,20,102.6,96.4,.6708,49.4,48.3,17.0,21.1,24.6,31.8,34.5,32.9,49.7,48.2,32.6,32.4,39.0,37.4,67.7,-5.4,
105,Davidson,A10,33,20,110.2,103.7,.6674,52.6,50.4,16.1,17.8,28.6,30.4,31.8,36.6,52.2,51.6,35.3,32.3,44.0,37.1,63.6,-5.8,
106,Sam Houston St.,CUSA,33,22,113.9,107.2,.6672,52.4,51.0,16.7,16.4,36.0,30.0,34.7,37.1,50.4,52.9,37.3,32.3,36.0,41.6,70.0,-5.3,
107,Pacific,WCC,33,18,110.5,104.1,.6651,52.2,50.0,20.1,15.1,35.3,25.0,30.5,36.3,51.3,48.5,35.8,34.7,35.3,42.8,64.4,-6.8,
108,UC Irvine,BW,34,23,104.5,98.6,.6597,49.7,45.4,17.9,18.5,31.1,31.5,35.8,26.8,49.2,42.7,33.9,33.3,28.2,37.8,68.1,-5.9,
109,UNLV,MWC,33,17,115.5,109.1,.6571,53.3,52.6,16.9,17.3,31.0,31.5,41.7,45.3,53.6,52.3,35.3,35.4,35.9,36.8,69.9,-6.0,
110,Illinois St.,MVC,32,20,109.2,103.4,.6515,53.6,50.0,16.8,16.4,28.6,25.3,31.8,33.1,54.6,49.9,34.8,33.4,42.4,34.5,66.8,-5.8,
111,Illinois Chicago,MVC,34,19,109.6,103.8,.6512,49.7,49.9,17.6,19.6,36.5,32.1,36.5,34.3,50.7,50.6,31.7,32.7,33.0,46.3,66.3,-8.6,
112,St. Thomas,Sum,33,24,113.9,107.9,.6508,59.4,50.9,13.8,17.1,22.3,27.1,34.4,30.4,63.6,53.5,36.4,31.4,46.5,41.2,68.4,-5.0,
113,Maryland,B10,33,12,111.7,105.9,.6493,48.1,54.4,18.6,14.9,33.8,29.1,36.4,35.8,48.6,54.4,31.7,36.3,46.9,43.1,66.3,-5.4,
114,North Dakota St.,Sum,34,27,111.4,106.0,.6393,53.4,51.5,15.6,18.7,33.6,25.7,30.7,29.1,53.2,52.6,35.7,33.5,42.7,44.4,66.3,-3.4,
115,Utah,B12,32,10,114.8,109.4,.6370,52.0,53.9,16.7,13.3,29.3,31.6,31.7,29.9,51.5,54.6,35.3,35.1,37.5,33.8,66.3,-8.8,
116,Hawaii,BW,32,24,106.9,101.8,.6358,52.0,46.4,18.9,16.9,31.4,25.0,42.4,36.1,55.0,46.6,31.6,30.7,39.7,32.4,69.6,-3.7,
117,Rutgers,B10,33,14,110.9,105.9,.6299,47.5,53.0,15.1,17.1,29.8,33.1,36.1,31.4,46.6,52.5,32.8,35.8,34.6,39.0,66.7,-5.4,
118,George Mason,A10,32,23,110.9,105.9,.6295,53.1,49.4,15.9,15.6,31.1,28.3,41.1,28.6,54.7,49.8,33.4,32.5,35.4,42.7,63.6,-3.0,
119,UT Rio Grande Valley,Slnd,33,19,111.3,106.5,.6228,54.8,47.8,18.5,16.3,28.2,32.1,28.9,38.9,54.5,49.2,36.8,30.4,43.7,38.2,66.4,-8.2,
120,Liberty,CUSA,32,25,117.6,112.9,.6141,59.8,53.1,13.7,17.2,19.1,32.6,31.3,26.2,60.8,50.5,39.2,38.3,48.6,37.1,63.9,-2.2,
121,Duquesne,A10,33,18,110.8,106.6,.6086,52.3,52.5,17.6,18.3,30.4,29.6,38.3,39.9,54.5,51.3,33.1,36.2,44.4,40.3,68.8,-7.5,
122,UC San Diego,BW,34,23,106.2,102.2,.6076,52.6,48.4,16.5,16.8,26.1,27.0,31.2,29.3,55.0,49.3,32.8,31.5,42.3,43.9,67.2,-5.9,
123,Florida Atlantic,Amer,33,18,109.5,105.5,.6041,52.2,49.5,17.6,15.5,31.6,28.3,33.3,36.2,53.6,48.8,33.3,33.8,38.2,35.2,69.8,-8.3,
124,San Francisco,WCC,33,17,113.3,109.3,.6018,51.2,50.8,15.8,14.1,31.3,29.0,40.1,29.6,50.7,50.6,34.6,34.1,46.1,35.8,65.9,-7.0,
125,UNC Wilmington,CAA,32,26,110.6,106.8,.5992,50.9,47.2,15.0,15.0,35.4,26.7,41.7,31.8,49.4,49.5,35.5,29.5,38.9,42.6,64.9,-2.8,
126,Washington St.,WCC,32,12,114.4,110.4,.5987,54.7,52.6,18.4,14.6,29.5,28.2,30.2,33.0,54.6,52.4,36.5,35.4,44.8,36.7,67.9,-11.3,
127,UC Santa Barbara,BW,32,18,113.7,109.9,.5944,54.7,52.6,18.7,16.8,31.0,25.5,36.8,42.4,53.6,53.5,37.4,33.9,44.1,35.7,64.3,-9.1,
128,Montana St.,BSky,32,18,110.9,107.4,.5932,53.6,51.7,14.7,15.7,27.0,28.2,30.2,29.6,53.1,51.8,36.1,34.3,44.7,34.3,65.9,-8.2,
129,Southern Illinois,MVC,32,16,102.4,99.3,.5886,49.2,49.0,17.0,18.5,30.9,27.3,31.3,31.4,52.2,51.5,27.8,30.4,29.2,41.5,69.0,-9.5,
130,Wright St.,Horz,34,23,112.4,109.0,.5870,54.4,52.1,16.3,16.5,33.2,29.2,38.0,33.5,54.5,52.9,36.1,33.6,33.7,34.2,67.0,-6.6,
131,Fresno St.,MWC,32,13,106.9,103.8,.5856,50.6,51.5,18.1,18.2,27.9,30.6,33.8,28.6,52.3,55.7,32.1,30.7,40.9,44.0,68.3,-10.3,
132,Toledo,MAC,34,19,114.5,111.2,.5843,54.5,54.3,14.7,17.8,29.5,33.7,30.5,26.6,54.0,56.1,37.0,34.4,32.5,40.0,67.8,-9.0,
133,Memphis,Amer,32,13,107.8,104.7,.5823,48.7,48.7,18.9,18.5,35.3,35.6,34.7,42.4,49.4,51.0,31.6,30.5,33.7,43.2,69.9,-9.7,
134,Bradley,MVC,33,21,110.8,107.8,.5764,51.0,52.6,13.8,19.3,27.3,28.2,36.1,37.8,49.2,51.3,35.8,36.3,40.4,40.0,67.5,-6.0,
135,Murray St.,MVC,32,20,115.1,112.2,.5742,53.8,52.3,16.2,16.0,33.0,31.3,39.1,32.9,55.0,51.5,34.8,36.3,44.8,27.3,71.8,-5.4,
136,Idaho,BSky,35,21,108.8,106.2,.5702,51.9,50.3,15.0,15.2,28.9,24.2,34.8,39.2,52.0,49.3,34.5,34.8,46.8,35.8,67.4,-8.9,
137,UAB,Amer,32,20,108.5,106.0,.5659,48.4,50.0,12.5,16.1,32.5,27.7,36.4,28.7,51.3,50.7,27.8,32.6,30.5,39.2,69.3,-6.2,
138,Northern Colorado,BSky,32,20,112.3,109.8,.5630,55.7,50.1,15.4,12.4,27.2,24.2,27.5,38.8,58.1,52.3,35.0,30.7,41.5,35.0,68.5,-7.1,
139,Boston College,ACC,31,11,103.7,101.5,.5627,47.0,48.9,15.4,14.9,28.3,28.6,32.4,34.6,49.1,49.6,29.4,31.9,42.4,39.0,66.0,-10.0,
140,North Texas,Amer,33,19,103.1,101.2,.5533,46.0,48.4,16.7,21.3,33.5,32.4,39.6,45.1,47.4,49.8,28.7,30.9,32.3,38.6,65.0,-7.4,
141,Penn St.,B10,32,12,113.8,111.7,.5532,53.0,58.4,15.6,17.7,25.9,31.1,33.8,27.5,55.8,58.6,32.4,38.8,38.1,43.4,67.5,-7.2,
142,Troy,SB,33,22,110.7,109.0,.5437,51.9,50.1,17.0,16.9,34.8,31.6,36.3,32.1,53.7,52.0,33.2,31.3,45.6,38.4,65.1,-6.2,
143,Temple,Amer,32,16,111.6,110.1,.5407,50.2,50.7,13.7,15.5,29.8,30.3,40.6,35.5,50.0,51.5,33.6,32.8,35.7,35.9,64.9,-10.3,
144,Central Arkansas,ASun,34,22,109.6,108.1,.5399,54.0,54.9,15.4,19.0,28.8,27.4,31.2,30.1,54.7,57.3,35.5,35.2,48.7,52.3,67.9,-6.6,
145,Kennesaw St.,CUSA,34,21,110.8,109.5,.5335,50.7,48.5,16.7,16.1,35.5,31.3,45.1,47.5,50.8,47.0,33.7,33.9,42.9,38.3,71.3,-8.0,
146,Arkansas St.,SB,32,20,109.8,108.5,.5335,51.7,50.3,19.8,14.9,38.2,27.0,39.1,37.0,53.6,50.8,32.9,32.9,44.9,38.8,72.1,-7.3,
147,Penn,Ivy,29,18,106.6,105.4,.5314,50.3,51.7,15.4,17.8,30.3,30.5,35.2,27.5,46.2,54.4,38.7,31.7,35.0,39.3,69.0,-6.0,
148,Navy,Pat,33,26,106.4,105.4,.5281,53.2,48.0,16.8,18.3,31.6,26.9,39.6,25.6,52.9,50.4,36.0,30.1,33.1,45.8,65.2,-4.2,
149,Loyola Marymount,WCC,32,15,106.5,105.4,.5275,51.8,48.9,17.5,16.6,26.7,32.0,31.1,32.5,51.6,47.2,34.8,34.6,40.4,36.2,67.2,-10.1,
150,Eastern Washington,BSky,33,14,113.1,112.1,.5264,53.7,54.9,17.7,16.2,31.3,30.8,36.1,37.3,53.6,56.3,35.9,35.2,34.7,39.0,67.8,-12.1,
151,Robert Morris,Horz,33,22,109.9,108.9,.5262,54.9,50.0,18.6,15.9,37.5,28.8,28.0,40.1,53.5,50.2,38.0,33.2,40.7,36.0,64.5,-6.7,
152,Rhode Island,A10,32,16,104.2,103.3,.5245,50.1,50.4,19.2,21.1,31.0,31.8,38.4,42.6,52.8,49.3,31.1,34.7,43.5,41.5,65.8,-9.5,
153,Bowling Green,MAC,32,18,106.0,105.2,.5226,51.8,51.0,16.5,18.4,28.7,26.9,37.0,37.2,51.9,51.6,34.4,33.5,34.2,41.2,68.2,-9.7,
154,St. Bonaventure,A10,34,17,113.1,112.4,.5196,52.4,53.3,16.8,17.1,34.5,29.8,30.0,33.9,50.8,52.8,37.4,36.0,31.3,40.7,67.1,-10.0,
155,Cornell,Ivy,28,15,119.8,119.1,.5170,58.5,55.9,16.0,15.1,30.2,30.6,30.2,37.2,59.7,55.7,38.3,37.5,51.6,38.3,71.4,-8.3,
156,Middle Tennessee,CUSA,32,17,109.7,109.1,.5154,51.6,51.0,17.1,15.0,30.7,28.5,32.7,35.7,52.3,51.0,33.8,33.9,45.3,35.3,65.5,-8.8,
157,Kent St.,MAC,33,24,110.6,110.0,.5151,51.9,52.1,18.1,16.4,35.8,29.6,44.3,39.8,51.0,51.9,35.3,34.9,45.0,42.7,70.6,-3.9,
158,Portland St.,BSky,31,20,103.1,102.6,.5137,50.6,48.8,16.9,18.0,30.0,26.4,37.1,42.8,51.5,49.0,32.6,32.3,34.4,39.7,67.8,-6.3,
159,Austin Peay,ASun,31,22,108.6,108.2,.5124,53.0,52.2,15.4,17.9,29.7,28.9,37.6,32.8,53.0,53.9,35.3,33.2,38.0,40.8,69.2,-5.3,
160,William & Mary,CAA,32,20,110.4,110.0,.5105,54.3,51.9,16.5,19.0,26.0,31.5,44.0,35.5,57.9,53.7,33.0,33.1,42.8,45.5,72.6,-7.1,
161,Georgia Tech,ACC,31,11,106.9,106.5,.5102,50.0,49.9,18.6,15.6,29.9,30.7,33.3,34.2,48.7,50.1,35.1,33.1,33.2,44.4,70.9,-9.7,
162,Valparaiso,MVC,33,18,107.5,107.2,.5095,47.6,50.5,15.7,16.9,32.5,30.1,39.1,35.1,45.8,51.9,33.9,32.1,36.8,37.0,65.1,-8.3,
163,Oregon St.,WCC,33,17,109.4,109.0,.5093,50.5,50.3,17.7,15.3,26.8,32.1,43.1,35.1,48.8,51.0,35.0,32.9,44.3,41.5,65.2,-7.5,
164,UC Davis,BW,33,19,107.0,106.7,.5078,51.8,51.7,17.9,19.8,25.2,30.5,40.5,39.1,51.9,52.4,34.4,33.8,43.5,38.1,68.9,-8.4,
165,Harvard,Ivy,29,17,105.4,105.2,.5063,53.2,50.4,17.4,17.1,26.8,28.2,25.7,26.6,54.0,51.4,34.7,32.6,40.2,38.7,63.1,-7.5,
166,Montana,BSky,34,18,107.2,107.0,.5050,55.8,50.5,19.6,14.3,20.7,29.6,36.8,32.6,56.5,51.9,36.6,32.3,41.8,38.0,69.5,-10.0,
167,Cal St. Northridge,BW,34,20,108.9,108.9,.5009,51.3,51.6,17.5,16.4,31.9,26.6,34.2,34.3,52.6,51.7,32.4,34.4,33.6,48.6,73.4,-8.2,
168,Richmond,A10,32,15,110.4,110.5,.4972,52.7,52.0,14.3,17.7,25.0,31.0,36.9,35.1,50.5,54.5,37.1,32.7,42.6,45.6,67.6,-10.9,
169,Western Kentucky,CUSA,32,18,108.0,108.2,.4950,47.5,51.2,14.5,17.2,31.8,29.5,41.2,46.8,45.8,51.0,33.4,34.3,39.4,42.3,69.9,-8.6,
170,Merrimack,MAAC,34,23,106.2,106.4,.4943,49.1,46.7,14.8,20.4,24.8,39.9,38.2,37.1,49.1,47.3,32.7,30.3,46.1,32.6,63.5,-6.3,
171,Monmouth,CAA,34,19,106.3,106.7,.4890,49.6,50.1,16.6,19.9,31.2,32.8,32.7,32.2,48.7,49.6,34.2,33.9,34.4,38.3,66.9,-10.0,
172,Charlotte,Amer,34,17,112.8,113.4,.4845,53.4,50.9,18.1,13.6,33.9,32.5,36.4,36.2,53.8,51.4,35.2,33.5,45.4,40.7,63.4,-10.2,
173,Winthrop,BSth,34,23,110.3,111.0,.4833,49.7,51.4,14.7,16.7,34.1,27.7,44.0,39.0,49.7,53.0,33.2,32.9,44.1,42.8,69.9,-5.6,
174,Massachusetts,MAC,33,17,109.9,110.6,.4810,53.1,52.9,17.8,16.8,33.3,26.1,37.0,44.6,53.2,55.4,35.2,33.0,35.4,42.7,70.2,-11.4,
175,Towson,CAA,34,19,104.1,104.9,.4786,46.5,48.5,15.9,15.1,36.0,29.1,30.4,29.3,47.8,50.0,29.4,30.9,34.9,41.4,63.4,-9.0,
176,FIU,CUSA,32,15,107.7,108.6,.4767,50.6,52.9,17.7,20.1,33.9,34.8,38.6,35.9,49.9,51.7,34.7,36.2,32.7,45.1,71.6,-11.5,
177,Fordham,A10,32,17,103.2,104.2,.4723,48.6,49.9,17.2,17.2,34.1,26.8,26.4,30.3,51.9,49.8,28.9,33.4,38.3,42.4,64.2,-9.4,
178,Oakland,Horz,32,16,113.8,115.0,.4704,52.7,54.7,14.7,15.1,31.3,34.4,38.1,24.6,53.0,57.0,34.7,34.3,34.0,41.7,70.0,-8.4,
179,Northern Kentucky,Horz,34,20,108.9,110.1,.4686,53.2,54.2,16.3,18.6,32.2,31.6,35.9,37.2,55.5,53.8,33.6,36.6,44.9,38.1,70.0,-9.6,
180,Green Bay,Horz,33,18,113.1,114.3,.4680,54.9,53.6,16.0,13.2,25.1,29.6,41.6,37.4,55.0,52.9,36.4,36.3,37.3,43.3,62.9,-9.7,
181,Texas A&M Corpus Chris,Slnd,33,18,104.0,105.3,.4666,49.5,50.1,19.4,19.0,31.7,28.8,41.1,46.3,48.1,51.5,35.0,31.6,31.4,34.9,65.9,-9.1,
182,UT Arlington,WAC,32,18,101.4,102.6,.4648,47.2,47.4,20.7,18.0,34.9,30.1,42.5,40.9,48.8,50.9,29.1,26.9,30.7,32.3,64.8,-8.1,
183,Utah Tech,WAC,34,19,111.2,112.7,.4625,53.3,50.9,17.6,16.9,28.1,34.5,30.6,33.0,53.7,53.5,35.0,30.7,38.2,34.4,66.4,-8.1,
184,Appalachian St.,SB,32,19,105.3,107.0,.4562,49.9,47.5,15.3,14.0,32.0,29.0,39.1,31.2,53.6,47.0,30.4,32.2,45.9,41.4,63.0,-9.2,
185,UMBC,AE,32,24,107.5,109.2,.4551,53.9,49.2,14.1,15.2,25.1,25.6,33.8,25.2,54.0,49.7,35.9,32.2,38.8,37.8,66.0,-5.1,
186,Siena,MAAC,34,23,107.2,108.9,.4548,50.6,48.6,16.0,17.1,31.9,29.0,34.2,27.2,52.8,48.2,30.4,32.8,31.9,39.3,64.6,-7.8,
187,Campbell,CAA,34,16,110.4,112.3,.4516,50.1,53.9,17.6,17.0,33.5,32.0,43.5,37.0,51.2,54.2,32.3,35.5,36.9,29.9,69.8,-11.0,
188,Detroit Mercy,Horz,32,17,108.8,110.7,.4516,49.5,52.2,16.0,14.4,33.3,30.8,32.6,37.6,48.1,53.8,35.1,33.3,30.7,42.6,68.8,-9.8,
189,Portland,WCC,34,15,106.3,108.1,.4511,51.2,52.7,19.7,17.0,28.1,32.5,34.4,32.6,54.7,51.4,29.9,36.1,35.4,45.6,68.5,-10.5,
190,Charleston,CAA,32,21,106.7,108.7,.4469,50.5,49.2,15.7,14.7,29.9,32.3,41.2,26.1,53.4,49.5,30.6,32.6,38.1,43.7,67.7,-6.3,
191,Youngstown St.,Horz,32,15,106.3,108.3,.4468,53.7,52.3,18.8,17.8,30.4,30.7,31.4,36.0,56.6,51.7,33.8,35.5,49.4,34.3,67.2,-12.6,
192,Louisiana Tech,CUSA,34,20,103.2,105.2,.4458,47.4,48.7,18.3,17.8,36.4,31.6,33.1,36.3,49.7,46.7,28.5,33.9,33.4,46.8,63.9,-9.3,
193,Cal St. Fullerton,BW,34,18,107.6,109.7,.4449,51.4,54.3,15.2,19.5,24.6,28.3,37.8,35.3,51.4,57.1,34.2,34.0,43.1,46.4,72.9,-9.4,
194,Furman,SC,34,22,106.9,109.0,.4441,54.8,50.1,17.8,13.7,31.0,27.5,32.1,28.9,59.0,50.9,33.3,32.6,46.3,41.9,65.8,-8.7,
195,New Mexico St.,CUSA,32,16,108.1,110.3,.4438,48.5,48.7,15.0,14.7,32.5,30.3,34.9,44.2,48.5,48.8,32.4,32.4,38.7,41.3,66.6,-11.4,
196,East Tennessee St.,SC,34,23,107.8,110.0,.4427,55.3,51.0,15.2,18.5,28.3,27.9,35.0,36.4,57.2,52.6,34.7,32.9,37.8,47.7,66.0,-7.4,
197,South Alabama,SB,32,21,107.1,109.3,.4426,52.7,50.0,13.2,18.2,25.2,31.3,39.2,25.3,53.3,50.9,34.5,33.0,36.6,64.3,64.6,-7.5,
198,Queens,ASun,34,21,114.6,117.1,.4396,56.6,54.0,14.8,15.0,30.4,33.0,36.3,38.7,59.0,54.1,35.9,35.8,46.8,39.5,69.5,-7.0,
199,Missouri St.,CUSA,34,16,109.3,111.7,.4392,51.1,52.0,16.7,16.9,32.0,32.1,43.8,40.2,52.2,52.3,33.0,34.4,41.3,35.8,65.3,-13.0,
200,New Orleans,Slnd,33,15,108.7,111.1,.4359,49.6,49.0,20.5,14.9,35.6,34.5,46.4,39.5,50.6,49.3,31.8,32.4,33.7,40.2,69.8,-10.6,
201,Drexel,CAA,33,17,102.6,105.1,.4320,50.7,47.1,19.0,16.4,31.2,31.0,31.6,35.4,49.0,47.9,35.5,30.3,40.0,34.1,64.2,-11.8,
202,Tulane,Amer,33,18,107.4,110.0,.4319,49.4,50.7,15.4,17.1,22.8,35.8,43.5,38.1,50.5,50.0,32.0,34.5,45.0,40.5,66.8,-9.1,
203,Weber St.,BSky,32,16,111.1,113.8,.4301,51.7,54.5,15.7,16.3,31.8,27.7,39.2,36.4,51.6,57.1,34.5,33.5,32.8,38.8,68.5,-10.6,
204,Jacksonville St.,CUSA,32,15,105.3,108.0,.4290,49.7,49.6,17.0,16.2,29.8,28.0,43.1,38.7,47.4,49.3,35.7,33.3,38.1,42.9,65.1,-12.9,
205,Indiana St.,MVC,32,11,105.9,108.8,.4247,52.8,50.2,19.5,14.9,26.2,31.8,27.4,28.8,57.4,52.0,31.5,31.3,45.2,34.4,68.2,-14.7,
206,Howard,MEAC,33,23,103.4,106.2,.4239,50.6,47.4,19.8,21.3,36.6,32.0,44.2,38.3,49.9,48.3,34.7,30.4,34.3,34.0,69.0,-6.9,
207,Columbia,Ivy,28,16,107.9,110.8,.4232,53.5,51.2,19.3,15.0,36.1,27.2,28.6,33.5,53.2,50.3,35.9,35.2,37.5,36.0,66.8,-7.8,
208,Marist,MAAC,31,19,99.6,102.4,.4195,49.3,45.6,16.9,19.5,29.1,28.3,25.7,37.6,49.8,47.1,32.2,28.6,34.6,36.8,66.2,-9.3,
209,Mercer,SC,32,19,110.8,114.0,.4174,53.1,52.5,15.0,17.0,32.6,33.2,39.2,29.7,53.0,51.3,35.6,36.2,39.2,42.1,68.9,-8.5,
210,James Madison,SB,33,18,109.0,112.4,.4147,53.1,49.0,17.3,12.8,30.6,29.5,35.9,40.8,53.2,48.9,35.4,32.7,42.5,38.2,66.0,-10.4,
211,Rice,Amer,31,13,109.0,112.6,.4080,48.5,51.0,17.9,15.7,35.3,34.6,33.9,40.4,46.2,51.0,34.3,34.0,44.1,35.5,65.6,-12.3,
212,Marshall,SB,32,19,111.9,115.7,.4056,54.8,50.3,16.6,16.3,31.9,33.8,29.2,41.1,54.6,50.3,36.8,33.6,44.3,39.6,69.4,-8.5,
213,San Diego,WCC,33,12,108.5,112.2,.4040,51.2,54.7,17.5,18.9,28.1,34.5,25.8,38.8,50.8,58.5,34.6,32.7,43.7,40.1,68.1,-13.4,
214,San Jose St.,MWC,33,9,112.7,116.6,.4038,49.7,57.1,15.1,17.4,29.3,36.5,33.4,35.3,47.6,59.1,35.3,36.0,38.3,39.3,65.0,-14.0,
215,La Salle,A10,32,9,106.0,109.6,.4033,45.4,55.0,18.2,17.1,33.7,32.4,37.5,31.5,45.6,55.1,30.0,36.5,31.5,42.2,65.7,-14.8,
216,Drake,MVC,34,14,109.5,113.3,.4029,51.4,52.6,15.0,14.6,26.6,29.9,33.5,32.0,51.7,51.1,34.0,36.4,45.7,43.3,67.1,-13.6,
217,Cal Poly,BW,33,14,109.4,113.3,.4007,51.5,53.8,19.9,16.2,30.0,29.6,34.9,34.1,53.7,55.0,33.0,34.7,52.6,40.8,74.1,-12.5,
218,Tennessee St.,OVC,32,23,107.8,111.9,.3935,50.1,51.2,16.5,20.0,34.9,29.9,33.5,41.6,49.9,51.8,33.7,33.5,30.7,36.0,70.1,-5.7,
219,Buffalo,MAC,32,17,111.2,115.7,.3880,55.4,55.1,16.1,17.9,27.1,31.1,39.6,31.4,54.1,56.9,37.9,35.1,45.5,42.0,66.4,-10.4,
220,Quinnipiac,MAAC,32,19,103.7,107.9,.3874,48.2,48.9,15.9,17.4,34.1,32.0,33.8,30.6,46.7,47.1,34.0,34.9,33.7,35.4,70.1,-8.6,
221,Southern Miss,SB,35,19,104.5,108.8,.3869,49.0,51.4,18.4,17.8,32.5,28.8,43.2,43.6,51.3,51.1,28.9,34.5,28.7,39.4,69.1,-11.0,
222,South Dakota St.,Sum,32,14,107.5,111.9,.3865,52.0,51.8,16.1,14.5,30.3,25.1,29.7,34.5,52.7,52.4,34.0,34.1,38.8,47.0,67.0,-12.7,
223,Western Carolina,SC,31,15,109.4,114.0,.3824,50.4,54.9,16.8,14.5,35.4,26.3,31.3,37.8,50.6,54.8,33.5,36.7,40.9,43.7,67.9,-10.7,
224,Bethune Cookman,SWAC,32,17,104.1,108.6,.3817,51.0,49.7,19.2,15.8,30.1,31.7,40.9,38.6,51.6,49.9,33.0,32.9,29.7,33.1,69.0,-8.5,
225,Tarleton St.,WAC,32,14,103.3,107.8,.3807,48.3,53.6,20.0,23.4,31.5,35.1,41.9,47.7,48.2,54.4,32.5,34.9,24.2,40.7,69.5,-11.9,
226,Ohio,MAC,32,15,108.3,113.1,.3757,50.9,53.0,15.5,16.1,28.4,32.8,36.9,38.2,54.5,51.9,30.1,36.8,38.1,33.6,68.9,-11.6,
227,Stony Brook,CAA,32,17,105.2,110.2,.3706,50.2,50.7,16.8,17.1,28.0,32.4,28.4,35.4,48.5,48.8,34.8,35.7,45.8,39.8,66.2,-10.7,
228,Texas St.,SB,32,19,104.4,109.6,.3641,50.0,52.0,18.6,18.5,33.9,28.4,34.0,39.1,50.5,51.1,32.2,35.7,24.6,37.5,66.1,-9.8,
229,Georgia Southern,SB,37,21,110.0,115.9,.3539,51.4,52.3,14.6,18.7,28.8,35.2,39.6,41.4,52.7,52.9,33.4,34.3,48.9,39.5,70.1,-12.0,
230,Coastal Carolina,SB,32,19,101.8,107.5,.3491,47.9,46.8,15.2,12.3,26.9,27.6,32.3,34.9,46.1,45.5,33.5,32.8,43.1,35.7,67.1,-8.9,
231,Denver,Sum,32,15,114.9,121.4,.3484,53.6,56.0,14.3,13.0,29.8,32.8,34.1,36.8,52.6,56.6,36.8,36.7,38.6,37.0,68.0,-10.9,
232,Samford,SC,32,18,107.8,113.9,.3463,53.1,51.9,13.4,13.0,25.3,25.7,41.9,32.9,52.8,50.3,35.6,36.5,45.7,35.9,67.3,-9.8,
233,Lipscomb,ASun,32,19,105.0,111.1,.3449,54.1,53.2,16.0,17.7,25.8,30.2,26.0,29.0,54.5,54.3,35.7,34.3,47.9,40.2,69.4,-7.8,
234,LIU,NEC,34,24,103.6,109.7,.3409,53.3,49.8,19.0,18.9,34.3,32.6,34.7,34.1,52.9,50.8,36.1,31.9,29.0,33.2,67.8,-5.8,
235,Old Dominion,SB,33,12,106.2,112.4,.3408,50.7,50.8,15.4,14.5,26.0,30.3,34.7,42.0,48.8,52.4,36.0,32.0,36.2,36.4,68.9,-15.5,
236,Eastern Michigan,MAC,31,10,101.6,107.7,.3385,49.6,50.3,17.4,15.6,27.8,29.1,29.3,35.5,50.0,50.8,32.4,32.9,31.8,35.6,66.5,-14.7,
237,Florida Gulf Coast,ASun,34,16,105.2,111.5,.3367,52.0,53.4,15.9,16.5,31.1,28.2,29.1,38.3,53.3,53.6,33.2,35.4,38.4,46.2,67.6,-13.4,
238,Nebraska Omaha,Sum,33,16,106.0,112.6,.3343,52.2,52.7,16.1,14.1,25.5,28.7,34.5,33.6,53.0,55.6,34.0,32.9,40.9,45.5,67.1,-12.3,
239,Long Beach St.,BW,32,10,104.3,110.8,.3325,50.6,53.7,18.0,17.5,26.2,27.8,30.7,42.3,51.5,54.8,32.7,34.4,34.8,35.3,68.4,-15.7,
240,Saint Peter's,MAAC,29,17,103.2,109.8,.3303,46.4,48.1,17.7,20.0,37.0,34.7,35.5,46.4,46.2,48.0,31.0,32.1,38.7,35.5,65.5,-8.4,
241,Radford,BSth,32,16,106.4,113.2,.3284,51.3,53.0,17.1,18.5,29.8,32.2,42.4,40.0,52.3,52.9,33.5,35.5,45.4,37.9,70.7,-11.8,
242,American,Pat,32,16,105.2,112.2,.3237,51.5,54.4,15.6,19.2,26.9,29.4,28.7,42.1,53.3,55.1,33.0,35.5,46.5,37.0,66.7,-11.6,
243,Iona,MAAC,32,18,103.9,110.8,.3231,51.9,48.9,17.2,16.6,27.8,31.2,29.3,28.8,51.2,51.0,35.1,30.6,45.9,40.7,69.1,-10.4,
244,Central Michigan,MAC,31,10,106.5,113.5,.3231,51.8,54.0,18.1,17.0,29.2,34.3,31.4,39.0,52.2,54.4,33.9,35.5,34.0,38.4,67.1,-15.4,
245,Boston University,Pat,34,17,111.7,119.2,.3217,57.5,53.6,17.8,13.0,28.0,28.0,31.4,30.5,56.9,52.8,38.8,36.6,43.8,40.6,63.1,-13.7,
246,Colgate,Pat,33,18,107.4,114.7,.3190,53.3,52.2,14.6,15.3,26.6,29.3,29.7,33.8,53.2,52.2,35.6,34.8,35.0,41.7,66.8,-10.0,
247,Nicholls St.,Slnd,33,14,104.8,112.0,.3185,50.6,54.4,17.4,20.5,28.1,33.7,34.5,37.9,51.2,56.0,33.3,34.6,43.9,38.7,68.2,-12.8,
248,UC Riverside,BW,32,10,103.6,110.7,.3180,48.9,52.7,19.0,15.5,27.8,30.0,35.0,40.9,49.9,53.8,31.6,33.5,38.3,31.7,68.5,-15.3,
249,Southern,SWAC,34,17,106.1,113.4,.3163,49.1,53.2,16.5,18.6,31.4,31.3,39.8,42.9,47.7,52.1,34.8,36.7,32.1,37.5,69.8,-11.0,
250,Princeton,Ivy,29,9,105.0,112.4,.3148,49.6,52.0,17.1,14.3,27.2,28.5,34.6,34.0,48.6,55.7,33.9,31.1,44.5,41.4,63.9,-14.9,
251,Lamar,Slnd,31,12,102.8,110.1,.3139,47.8,50.9,18.1,17.3,35.7,29.4,27.9,44.4,47.0,49.7,32.9,35.3,33.9,37.5,65.4,-14.1,
252,Charleston Southern,BSth,32,15,104.8,112.2,.3138,54.1,46.9,18.5,12.8,29.4,30.3,30.5,43.3,54.6,46.6,35.6,31.9,49.5,31.3,71.6,-13.3,
253,Southeast Missouri St.,OVC,33,20,101.1,108.2,.3137,49.8,48.8,16.9,18.1,29.6,28.2,38.8,48.0,51.8,48.4,30.9,33.1,36.0,33.2,68.9,-9.3,
254,Pepperdine,WCC,32,9,105.6,113.2,.3100,47.6,54.2,18.3,16.5,29.1,34.0,33.8,28.5,48.0,54.9,31.4,35.5,39.2,40.3,68.4,-15.1,
255,Abilene Christian,WAC,33,14,99.8,107.1,.3096,47.5,56.5,20.8,23.4,31.0,29.1,41.7,53.5,48.0,54.4,31.0,40.9,32.8,30.0,67.4,-12.7,
256,UNC Asheville,BSth,32,15,103.7,111.3,.3082,51.0,51.3,17.4,15.5,29.8,31.3,40.0,38.7,50.1,52.8,35.1,32.6,33.6,38.4,64.8,-12.7,
257,Vermont,AE,34,22,104.8,112.4,.3078,53.1,50.4,14.3,14.8,26.2,23.0,31.1,36.4,55.7,48.6,33.3,35.3,44.6,41.2,64.7,-9.4,
258,Fairfield,MAAC,34,21,105.4,113.1,.3071,48.8,51.0,15.3,16.8,35.8,29.1,27.7,30.4,48.2,50.8,33.2,34.3,35.4,35.9,67.0,-9.9,
259,East Carolina,Amer,31,11,103.6,111.2,.3060,46.4,52.3,17.1,16.2,33.4,32.5,39.2,32.2,47.5,52.2,29.3,34.9,31.1,38.8,68.6,-13.8,
260,Idaho St.,BSky,33,13,108.8,116.9,.3034,51.8,54.5,17.0,14.7,32.8,27.9,37.9,38.0,52.9,56.1,33.6,34.5,41.9,37.0,65.2,-14.1,
261,SIU Edwardsville,OVC,32,19,98.9,106.3,.3022,49.5,45.6,17.9,17.0,30.1,31.6,30.6,34.3,47.8,45.8,35.0,30.2,36.2,38.4,64.4,-10.6,
262,Southern Utah,WAC,32,10,106.3,114.5,.3000,50.7,53.2,20.3,14.8,28.8,33.6,33.1,29.8,51.4,51.7,33.0,38.0,35.5,29.5,70.4,-15.6,
263,Tennessee Martin,OVC,33,22,97.9,105.5,.2982,48.7,46.1,21.4,20.0,37.0,32.0,37.4,35.8,51.5,46.7,30.3,30.2,47.1,39.5,64.3,-8.0,
264,Elon,CAA,32,14,108.0,116.4,.2974,52.2,54.0,15.9,16.4,32.2,33.5,33.5,34.6,52.8,53.3,34.3,36.5,43.2,44.5,66.8,-13.2,
265,Purdue Fort Wayne,Horz,32,17,104.9,113.3,.2922,52.6,56.1,14.5,19.1,22.9,34.5,30.6,28.5,53.7,55.5,34.2,37.9,45.3,44.1,67.7,-9.3,
266,Sacramento St.,BSky,31,10,105.5,114.1,.2899,47.0,55.0,14.1,17.1,25.2,33.4,41.2,36.2,46.6,56.8,31.9,35.2,35.6,43.7,71.6,-14.7,
267,North Dakota,Sum,35,18,106.7,115.4,.2896,49.4,56.5,14.1,19.4,27.4,32.4,37.8,43.8,49.7,57.2,32.7,37.1,40.6,42.9,67.3,-11.3,
268,Wofford,SC,32,19,108.1,117.0,.2878,52.5,53.8,13.4,14.9,29.8,29.0,36.2,36.8,52.5,53.4,35.0,36.4,43.1,38.0,67.8,-9.5,
269,Longwood,BSth,32,16,103.0,111.7,.2829,49.7,53.8,19.1,19.8,34.6,27.7,41.3,42.1,51.1,56.1,31.4,33.8,34.8,42.6,68.5,-12.7,
270,UTEP,CUSA,31,11,101.1,109.7,.2821,48.3,51.5,17.4,18.0,26.2,32.8,33.4,42.0,46.5,51.9,33.9,34.0,40.3,37.5,65.2,-14.8,
271,Dartmouth,Ivy,27,11,104.6,113.4,.2818,51.8,52.7,17.6,13.8,23.7,29.7,38.0,30.7,49.4,53.2,36.1,34.6,48.7,39.2,69.5,-11.6,
272,Lindenwood,OVC,33,18,100.2,108.7,.2807,48.0,49.1,18.7,18.4,33.2,31.8,38.6,37.4,49.6,49.4,29.4,32.4,30.7,32.9,72.4,-11.2,
273,Milwaukee,Horz,32,12,106.0,115.2,.2783,49.9,55.5,15.2,15.8,33.0,29.2,32.1,35.9,50.8,56.0,32.3,36.5,38.1,40.2,67.6,-13.6,
274,Incarnate Word,Slnd,31,12,108.5,118.0,.2758,50.2,54.5,17.2,15.7,32.1,32.0,34.0,41.6,47.7,56.0,36.1,34.4,39.1,35.4,65.5,-13.8,
275,Loyola Chicago,A10,33,9,103.2,112.3,.2751,49.8,52.0,19.8,12.9,30.5,29.7,34.8,33.6,51.9,49.5,31.7,36.8,47.7,44.3,65.8,-16.0,
276,Delaware,CUSA,31,10,105.6,115.1,.2723,53.3,51.5,18.2,14.0,20.8,31.1,30.6,30.2,51.7,50.6,36.8,35.1,46.2,43.4,63.1,-16.1,
277,South Dakota,Sum,32,16,104.4,113.8,.2687,49.9,54.5,16.6,15.9,28.7,30.3,45.2,31.0,50.7,55.7,32.3,34.5,35.9,30.0,70.0,-11.6,
278,Mount St. Mary's,MAAC,32,15,99.1,108.3,.2669,50.6,47.2,22.4,15.3,32.3,29.1,33.3,37.3,51.8,46.2,32.7,32.3,42.6,44.9,67.8,-12.5,
279,Ball St.,MAC,31,12,99.0,108.3,.2638,47.0,52.7,16.2,18.7,27.1,31.0,31.6,32.1,47.0,53.0,31.4,34.8,39.4,41.2,63.6,-14.6,
280,Western Michigan,MAC,31,10,107.1,117.5,.2570,49.9,54.4,16.9,13.4,30.5,29.1,32.8,37.5,48.1,54.5,35.3,36.1,36.1,43.7,67.8,-15.4,
281,Prairie View A&M,SWAC,35,18,101.4,111.4,.2540,47.9,50.4,16.0,19.1,27.1,34.8,42.8,43.9,47.0,49.4,33.2,35.0,30.9,32.7,70.9,-12.5,
282,Presbyterian,BSth,33,15,102.5,112.5,.2536,51.0,51.2,19.3,15.7,33.1,30.6,39.3,37.1,52.3,50.6,31.6,34.7,28.0,36.3,64.2,-13.7,
283,Lehigh,Pat,34,18,102.6,112.8,.2516,53.3,50.6,17.5,16.3,22.8,31.7,32.2,32.8,52.4,51.2,36.5,32.8,38.2,32.2,66.9,-12.0,
284,Mercyhurst,NEC,34,17,101.3,111.5,.2499,49.5,50.1,14.3,18.7,26.4,29.9,25.6,42.6,50.0,51.0,32.1,32.3,31.1,33.6,64.6,-13.3,
285,Jacksonville,ASun,32,12,103.4,113.8,.2487,50.0,54.8,17.2,15.0,31.7,29.1,32.8,42.7,51.5,55.0,31.7,36.3,37.4,35.2,63.5,-14.9,
286,Louisiana,SB,33,11,101.6,111.8,.2483,47.1,52.6,16.8,18.3,28.3,32.3,28.7,45.8,44.8,52.2,33.6,35.6,40.5,36.2,63.3,-17.0,
287,Arkansas Pine Bluff,SWAC,32,13,104.9,115.8,.2429,50.0,52.6,18.7,16.5,27.9,34.2,38.4,43.6,49.8,54.4,33.6,33.2,37.2,37.3,69.3,-12.9,
288,UNC Greensboro,SC,34,15,107.8,119.1,.2426,52.0,56.2,15.0,13.7,28.1,29.0,42.0,30.6,51.0,55.6,35.6,38.0,40.2,46.6,67.7,-15.2,
289,Brown,Ivy,27,9,97.8,107.9,.2423,48.6,51.3,19.5,18.7,29.0,30.0,28.1,37.6,50.4,52.2,30.3,33.5,36.3,43.0,66.7,-14.5,
290,Morehead St.,OVC,33,20,106.4,117.7,.2386,49.2,50.2,18.0,15.4,35.8,35.8,37.7,35.6,49.7,49.1,32.0,34.5,30.5,39.0,65.3,-9.1,
291,IU Indy,Horz,32,7,106.2,117.5,.2380,52.2,58.2,15.9,19.2,28.7,35.6,21.7,46.6,54.8,58.4,32.4,38.5,42.1,35.7,73.7,-20.0,
292,Florida A&M,SWAC,31,15,98.8,109.4,.2369,49.2,51.2,21.5,19.1,30.9,30.9,37.4,39.6,49.4,50.6,32.6,34.9,37.7,34.4,68.0,-11.8,
293,Northeastern,CAA,31,7,107.0,118.5,.2349,52.4,56.4,16.4,16.8,27.3,30.2,29.4,41.9,53.6,57.8,33.7,35.8,37.8,35.2,69.7,-19.2,
294,East Texas A&M,Slnd,32,11,100.6,111.5,.2349,49.2,52.9,19.2,17.0,25.7,32.8,32.0,34.5,51.2,51.0,31.3,37.3,46.2,38.0,68.4,-15.0,
295,Southeastern Louisiana,Slnd,31,9,99.3,110.1,.2339,46.7,52.4,18.4,19.1,28.6,31.4,40.3,41.2,49.4,51.4,28.4,36.0,39.5,37.9,65.4,-16.5,
296,West Georgia,ASun,32,15,102.1,113.2,.2338,49.6,53.4,15.9,14.7,31.5,29.0,29.2,36.9,49.6,55.7,33.1,33.1,33.0,37.4,69.1,-12.5,
297,Sacred Heart,MAAC,33,14,106.8,118.6,.2313,52.0,53.5,17.7,14.5,28.6,30.9,31.0,27.0,50.4,54.4,35.7,34.8,50.7,43.5,68.4,-15.3,
298,Bellarmine,ASun,32,13,114.9,127.8,.2286,59.4,59.4,15.5,15.0,22.4,34.2,35.0,34.3,61.0,58.1,38.1,40.4,41.2,50.5,64.6,-14.4,
299,Eastern Kentucky,ASun,32,11,108.6,120.9,.2254,52.1,56.1,16.9,14.8,32.5,31.7,30.7,38.5,51.6,57.4,35.0,36.2,50.8,41.6,67.2,-16.5,
300,Grambling St.,SWAC,33,14,96.3,107.3,.2244,48.8,50.0,21.2,20.8,30.3,32.5,41.1,40.0,48.9,50.5,32.3,32.7,38.1,35.2,67.5,-14.9,
301,Oral Roberts,Sum,33,10,102.3,114.0,.2234,49.7,53.6,18.5,14.7,28.4,31.8,34.8,39.1,51.1,52.2,32.0,37.4,45.6,36.6,67.7,-17.6,
302,Evansville,MVC,32,7,102.3,114.3,.2190,49.3,55.1,19.1,15.4,22.0,30.2,29.8,31.4,49.9,54.0,32.2,37.6,43.1,43.2,66.9,-17.7,
303,USC Upstate,BSth,32,13,99.1,110.8,.2164,48.3,51.0,18.2,16.4,29.2,31.4,32.8,36.0,48.9,49.5,31.4,35.6,35.6,36.1,67.6,-14.3,
304,Hampton,CAA,32,13,100.6,112.6,.2151,45.7,52.0,17.0,17.2,32.9,30.0,39.2,46.5,47.1,54.0,28.8,32.1,37.1,33.6,65.4,-14.6,
305,Northwestern St.,Slnd,32,10,100.7,112.7,.2142,48.6,53.0,18.3,16.9,26.1,32.6,40.1,36.3,48.0,52.9,33.2,35.5,33.9,37.9,64.8,-16.3,
306,Texas Southern,SWAC,30,12,102.1,114.3,.2141,49.7,52.5,18.5,16.5,28.8,31.2,38.2,44.0,49.8,53.5,33.1,34.1,32.5,43.2,68.7,-13.0,
307,Alabama A&M,SWAC,33,18,104.3,116.8,.2136,49.2,52.1,16.5,16.6,27.5,29.5,45.4,38.6,47.5,51.5,35.0,35.4,34.0,36.5,65.2,-11.6,
308,Alabama St.,SWAC,32,10,99.7,111.7,.2120,47.1,52.2,18.3,18.7,31.9,31.5,34.9,42.3,46.8,52.8,31.8,34.2,38.5,40.4,69.3,-16.6,
309,Houston Christian,Slnd,32,12,101.6,113.9,.2120,49.7,54.2,18.9,17.6,29.9,32.5,36.0,30.7,50.9,55.3,31.7,35.0,36.5,37.4,64.1,-14.9,
310,Stetson,ASun,33,12,105.1,117.8,.2117,53.1,55.2,18.1,15.1,26.6,31.8,32.4,30.4,52.5,57.6,36.0,34.6,44.7,41.1,66.8,-15.9,
311,North Carolina A&T,CAA,30,11,104.4,117.2,.2094,50.7,52.9,18.6,14.1,31.7,28.6,42.3,37.5,52.3,51.7,31.6,36.6,32.7,38.1,68.5,-15.2,
312,Chattanooga,SC,32,13,105.3,118.3,.2065,54.2,51.7,14.4,13.2,21.8,31.7,29.7,42.6,55.8,52.1,35.0,34.2,49.2,44.2,67.0,-15.4,
313,Central Connecticut,NEC,30,18,104.5,117.5,.2063,51.6,50.2,16.2,14.0,27.5,30.4,31.2,26.9,50.5,50.3,35.8,33.4,34.9,39.3,64.8,-9.4,
314,Cleveland St.,Horz,33,11,109.7,123.5,.2027,54.2,57.2,17.8,15.1,27.0,36.6,37.9,35.5,52.0,59.5,37.5,36.2,50.8,44.0,69.6,-16.9,
315,Le Moyne,NEC,32,15,100.7,113.5,.2025,52.7,49.3,19.1,15.0,25.2,29.1,39.5,32.7,53.5,46.1,34.3,36.0,40.8,39.7,69.5,-13.8,
316,Georgia St.,SB,32,10,99.3,112.0,.2005,44.2,50.6,15.9,16.4,27.7,33.6,37.2,34.9,42.9,51.2,30.6,33.1,42.4,39.0,67.9,-17.7,
317,Wagner,NEC,31,14,102.0,115.1,.1984,49.6,50.4,18.5,14.9,32.8,29.6,32.3,40.8,46.6,49.9,36.6,34.3,36.1,35.8,65.5,-13.5,
318,Northern Arizona,BSky,32,10,105.7,119.3,.1983,51.7,56.9,16.0,16.6,23.3,33.4,31.8,32.7,50.7,56.1,35.6,38.7,36.7,40.0,63.8,-16.7,
319,Albany,AE,32,11,103.4,117.9,.1816,51.3,53.2,18.5,15.8,32.7,32.4,24.9,35.7,52.8,52.7,32.6,36.0,37.6,40.6,65.3,-17.4,
320,UMass Lowell,AE,33,15,102.6,117.1,.1799,49.8,53.5,18.0,14.2,32.7,29.4,34.9,28.3,50.5,54.4,32.2,34.6,31.3,35.0,69.3,-13.7,
321,Lafayette,Pat,32,11,100.4,115.4,.1685,49.3,53.6,15.3,15.1,25.8,28.6,32.4,30.6,50.0,53.4,32.2,36.0,39.8,38.0,66.8,-17.1,
322,NJIT,AE,33,16,97.3,112.1,.1653,46.7,50.0,17.1,16.2,26.2,32.1,33.2,37.9,47.5,51.1,30.4,32.3,40.1,40.7,68.0,-12.4,
323,Tennessee Tech,OVC,31,13,101.8,117.2,.1640,48.9,51.5,19.1,15.1,31.3,30.7,35.5,31.3,50.1,50.3,31.1,35.8,36.5,36.1,67.0,-14.6,
324,Cal St. Bakersfield,BW,32,8,101.7,117.3,.1618,45.7,54.0,18.9,17.9,30.4,35.6,42.2,42.6,46.6,53.9,29.0,36.0,28.9,39.0,70.0,-18.1,
325,Loyola MD,Pat,32,12,103.5,119.4,.1617,50.4,54.7,15.5,15.3,27.6,29.0,29.9,32.7,51.9,58.3,32.6,32.8,47.2,39.6,68.2,-16.8,
326,Bucknell,Pat,33,10,98.8,114.1,.1604,48.5,54.7,19.0,17.9,27.0,31.3,29.8,35.3,50.4,54.1,30.6,37.0,42.7,45.7,67.0,-18.2,
327,Little Rock,OVC,32,12,101.1,116.8,.1597,49.4,51.8,18.4,18.5,31.5,36.6,27.7,33.1,47.9,51.9,35.3,34.4,31.0,40.3,66.5,-16.4,
328,North Florida,ASun,32,7,106.9,123.8,.1566,52.9,56.3,17.9,12.7,25.2,37.6,28.8,31.4,53.4,58.7,35.0,35.1,51.7,39.0,70.5,-19.0,
329,New Haven,NEC,31,14,96.0,111.6,.1503,48.7,51.8,17.8,17.1,21.5,26.8,31.7,27.7,51.0,52.1,30.2,34.3,39.8,38.4,63.4,-13.1,
330,Eastern Illinois,OVC,33,13,96.7,112.6,.1471,45.7,50.8,18.6,19.3,28.2,35.2,33.5,35.3,44.9,53.1,31.7,31.7,29.9,41.2,65.6,-15.2,
331,Norfolk St.,MEAC,32,15,101.1,118.3,.1416,49.3,51.7,18.7,18.8,32.5,32.3,43.5,45.3,48.4,54.4,34.2,32.0,30.6,41.6,68.1,-13.4,
332,Jackson St.,SWAC,33,12,100.9,118.2,.1398,45.7,53.0,19.4,16.5,29.7,37.2,37.4,41.9,44.6,53.5,31.4,34.8,43.3,39.7,69.6,-14.0,
333,Holy Cross,Pat,33,11,100.7,117.9,.1397,49.8,54.8,15.3,14.1,21.9,27.0,31.5,27.6,50.4,57.2,32.5,34.0,37.3,39.0,65.4,-18.2,
334,Manhattan,MAAC,32,12,103.6,121.6,.1356,47.9,53.9,15.6,16.7,28.6,37.0,34.0,25.7,47.8,53.3,32.0,36.6,37.1,38.0,68.0,-16.3,
335,Niagara,MAAC,30,8,99.9,117.3,.1354,50.5,52.8,18.9,16.6,24.8,32.9,26.6,33.8,50.5,52.7,33.7,35.3,40.5,40.4,62.2,-18.3,
336,UTSA,Amer,30,5,100.5,118.1,.1344,44.8,53.3,17.5,14.7,30.2,38.7,29.5,33.3,45.5,53.8,29.2,35.1,41.3,43.3,68.6,-18.7,
337,Stonehill,NEC,33,12,92.0,108.4,.1319,46.9,47.8,19.4,13.4,27.5,27.1,27.3,30.3,46.5,46.7,31.7,33.4,40.5,32.4,66.4,-17.6,
338,North Alabama,ASun,30,9,99.9,118.0,.1281,48.0,55.2,17.5,14.5,31.2,32.2,37.6,30.3,49.1,56.5,30.7,35.7,33.7,43.3,64.8,-17.1,
339,Fairleigh Dickinson,NEC,32,11,100.6,119.0,.1264,47.1,55.2,18.1,16.1,32.0,27.3,32.8,36.3,48.6,54.1,30.3,37.8,45.2,40.5,64.0,-16.7,
340,Chicago St.,NEC,32,7,99.9,118.7,.1211,45.3,56.7,15.6,20.1,28.3,35.0,30.0,38.0,44.0,60.0,32.1,35.6,30.9,50.8,65.6,-19.3,
341,Northern Illinois,MAC,30,9,95.7,113.7,.1209,47.6,55.6,21.8,16.3,30.3,30.0,38.3,38.3,48.5,56.3,30.9,36.3,45.0,37.7,67.5,-15.4,
342,Army,Pat,32,11,99.7,118.5,.1207,49.3,55.1,17.2,15.4,29.6,27.7,26.8,39.6,50.7,56.4,32.0,35.6,53.3,41.7,67.2,-17.4,
343,Air Force,MWC,32,3,95.9,114.0,.1200,48.9,56.4,21.9,15.1,21.4,31.3,35.1,36.6,51.1,56.3,30.6,37.6,41.8,38.8,66.3,-20.3,
344,Alcorn St.,SWAC,32,9,97.2,115.7,.1190,47.7,55.0,19.6,18.1,26.9,35.5,31.8,39.4,46.5,58.0,33.3,33.0,33.7,35.1,67.9,-16.4,
345,Canisius,MAAC,31,10,95.6,114.0,.1163,46.3,52.2,19.6,16.0,29.3,29.8,31.4,35.2,44.0,54.3,33.3,33.0,39.5,44.0,64.1,-17.6,
346,Southern Indiana,OVC,30,7,95.9,114.5,.1150,43.7,49.4,17.2,16.4,31.4,33.8,37.2,36.2,43.0,48.7,29.9,34.1,39.7,27.1,67.7,-20.4,
347,The Citadel,SC,33,11,100.0,120.6,.1037,49.5,57.5,16.3,14.7,27.9,31.5,30.0,33.3,51.0,59.6,32.0,36.6,47.8,44.1,64.2,-18.5,
348,Louisiana Monroe,SB,32,4,101.1,122.3,.1007,47.8,57.1,16.9,15.7,25.1,35.4,38.8,27.7,47.4,58.4,32.2,36.9,41.9,42.3,70.2,-23.2,
349,Maine,AE,32,8,92.2,111.9,.0983,49.6,50.6,19.1,19.4,19.7,34.3,38.4,33.9,51.2,54.5,31.2,29.3,37.0,36.8,64.7,-20.6,
350,New Hampshire,AE,30,9,95.6,116.2,.0958,46.7,53.4,16.5,15.8,25.7,26.9,28.5,35.8,47.4,54.6,30.5,34.3,43.1,36.9,67.4,-16.4,
351,Saint Francis,NEC,31,7,100.5,122.4,.0940,48.9,58.9,18.4,18.4,27.5,33.1,30.8,38.3,47.5,60.1,34.2,38.1,37.8,40.9,70.0,-19.4,
352,North Carolina Central,MEAC,32,14,100.2,123.0,.0866,47.5,54.5,18.1,19.9,30.0,39.4,39.3,36.9,46.7,54.5,32.6,36.4,33.9,40.6,65.7,-13.1,
353,South Carolina St.,MEAC,32,10,95.4,117.4,.0846,46.8,53.9,20.8,18.8,31.4,37.6,41.1,51.9,44.8,56.3,34.0,33.5,33.3,38.9,68.8,-17.4,
354,Morgan St.,MEAC,30,14,98.8,121.6,.0845,45.8,51.7,17.8,16.5,30.7,35.2,42.7,50.9,44.9,53.7,31.7,31.5,35.2,31.9,70.5,-13.1,
355,Bryant,AE,31,9,96.7,120.1,.0760,46.9,52.7,20.2,14.6,27.7,31.0,29.4,33.5,48.7,51.8,30.0,36.3,47.9,35.8,64.2,-17.9,
356,Maryland Eastern Shore,MEAC,32,9,93.1,116.4,.0711,47.8,50.7,23.8,17.9,32.4,33.6,29.5,43.0,49.9,51.1,29.0,33.5,33.5,39.7,63.3,-17.7,
357,Binghamton,AE,31,8,98.4,123.0,.0711,50.0,54.3,18.8,13.3,20.9,29.4,41.5,34.6,50.6,54.7,32.5,35.8,30.9,39.2,65.5,-20.4,
358,Rider,MAAC,29,4,96.4,120.6,.0704,42.8,55.2,16.9,15.3,32.6,32.8,30.1,32.5,43.3,54.0,27.7,37.9,27.5,39.9,65.7,-19.7,
359,UMKC,Sum,31,4,93.2,117.5,.0652,45.7,56.3,18.2,16.4,26.4,35.9,29.2,31.4,47.6,56.2,28.4,37.6,36.8,39.0,69.7,-21.5,
360,VMI,SC,32,6,98.7,124.5,.0649,47.6,57.0,15.3,15.7,25.6,37.2,30.6,34.6,47.9,58.9,31.5,36.5,53.6,46.5,66.8,-22.3,
361,Gardner Webb,BSth,33,4,95.4,122.1,.0553,47.8,56.9,19.8,15.3,23.2,36.6,30.3,35.2,48.6,59.0,31.0,36.0,39.8,41.0,69.6,-23.2,
362,Delaware St.,MEAC,31,8,88.3,114.5,.0484,42.9,52.9,19.9,19.5,27.7,32.0,34.1,40.5,43.1,54.8,28.4,33.0,28.9,34.7,65.5,-19.7,
363,Coppin St.,MEAC,31,7,91.7,119.5,.0453,45.9,55.4,22.3,17.5,30.4,34.8,38.5,42.9,45.8,53.9,30.7,38.3,35.2,43.2,68.6,-19.2,
364,Mississippi Valley St.,SWAC,33,3,91.1,120.9,.0370,45.2,55.5,21.9,17.1,26.4,35.5,33.9,50.8,45.6,55.3,29.5,37.2,30.2,42.5,67.2,-24.8,
365,Western Illinois,OVC,31,5,92.8,123.4,.0365,44.5,54.2,17.5,14.9,27.0,34.8,37.7,34.8,43.5,54.6,30.9,35.6,33.3,34.6,66.5,-23.0,
